SerialNo.,GrpName,ModuleID,Ready,X(m),Y(m),Z(m) 
1,A1,a,1,78.751047,-11.691211,-0.064
2,A1,b,1,83.2502,-11.690832,0.039
3,A1,c,1,87.750526,-11.691243,-0.461
4,A1,d,1,76.500497,-15.58817,-0.004
5,A1,e,1,81.000632,-15.587599,-0.067
6,A1,f,1,85.500957,-15.58801,-0.273
7,A1,g,1,90.000302,-15.588612,-0.38
8,A1,h,1,74.250929,-19.484937,-0.017
9,A1,i,1,78.750273,-19.485539,-0.042
10,A1,j,1,83.250408,-19.484968,-0.122
11,A1,k,1,87.750733,-19.485379,-0.122
12,A1,l,1,92.250868,-19.484808,-0.114
13,A1,m,1,76.500705,-23.382306,0.266
14,A1,n,1,81.001031,-23.382717,0.135
15,A1,o,1,85.500184,-23.382338,0.189
16,A1,p,1,90.000509,-23.382749,-0.109
17,A1,q,1,78.750481,-27.279676,0.412
18,A1,r,1,83.250615,-27.279105,0.246
19,A1,s,1,87.750941,-27.279516,-0.266
20,A2,a,1,76.500122,-31.177616,0.582
21,A2,b,1,81.000257,-31.177045,0.239
22,A2,c,1,85.500583,-31.177456,0.148
23,A2,d,1,74.250554,-35.074383,0.533
24,A2,e,1,78.749707,-35.074004,0.323
25,A2,f,1,83.250033,-35.074414,0.252
26,A2,g,1,87.750167,-35.073844,-0.389
27,A2,h,1,72.000004,-38.971341,0.579
28,A2,i,1,76.50033,-38.971752,0.402
29,A2,j,1,81.000464,-38.971181,0.251
30,A2,k,1,85.50079,-38.971592,0.082
31,A2,l,1,89.999943,-38.971213,-0.536
32,A2,m,1,74.250762,-42.868519,0.631
33,A2,n,1,78.749914,-42.86814,0.224
34,A2,o,1,83.25024,-42.868551,0.311
35,A2,p,1,87.750375,-42.86798,-0.307
36,A2,q,1,76.500538,-46.765889,0.615
37,A2,r,1,81.000672,-46.765318,0.242
38,A2,s,1,85.500016,-46.76592,-0.1
39,A3,a,1,74.249988,-50.662847,0.725
40,A3,b,1,78.750122,-50.662277,0.435
41,A3,c,1,83.250448,-50.662687,0.185
42,A3,d,1,72.000419,-54.559614,1.041
43,A3,e,1,76.500745,-54.560025,0.749
44,A3,f,1,80.999898,-54.559646,0.482
45,A3,g,1,85.500224,-54.560057,0.82
46,A3,h,1,69.749869,-58.456573,1.003
47,A3,i,1,74.250195,-58.456984,1.012
48,A3,j,1,78.75033,-58.456413,0.978
49,A3,k,1,83.250655,-58.456824,0.651
50,A3,l,1,87.75,-58.457426,0.143
51,A3,m,1,72.000627,-62.353751,1.508
52,A3,n,1,76.499971,-62.354353,1.178
53,A3,o,1,81.000106,-62.353782,1.119
54,A3,p,1,85.500431,-62.354193,0.184
55,A3,q,1,74.250403,-66.25112,1.122
56,A3,r,1,78.750537,-66.25055,1.059
57,A3,s,1,83.249882,-66.251152,0.346
58,B1,a,1,65.250412,19.485777,1.459
59,B1,b,1,69.750546,19.486348,1.431
60,B1,c,1,74.250872,19.485937,1.211
61,B1,d,1,63.000844,15.58901,1.353
62,B1,e,1,67.501169,15.588599,1.277
63,B1,f,1,72.000322,15.588979,1.236
64,B1,g,1,76.500648,15.588568,1.057
65,B1,h,1,60.750294,11.692052,1.38
66,B1,i,1,65.25062,11.691641,1.388
67,B1,j,1,69.750754,11.692212,1.222
68,B1,k,1,74.25108,11.691801,0.837
69,B1,l,1,78.750424,11.691199,0.68
70,B1,m,1,63.001051,7.794874,1.247
71,B1,n,1,67.500396,7.794271,0.997
72,B1,o,1,72.00053,7.794842,0.717
73,B1,p,1,76.500856,7.794431,0.686
74,B1,q,1,65.250827,3.897504,0.968
75,B1,r,1,69.751153,3.897093,0.826
76,B1,s,1,74.250306,3.897473,0.658
77,B2,a,1,63.000469,-0.000436,0.895
78,B2,b,1,67.500603,0.000135,0.82
79,B2,c,1,71.999948,-0.000467,0.478
80,B2,d,1,60.749919,-3.897394,0.817
81,B2,e,1,65.250053,-3.896824,0.562
82,B2,f,1,69.750379,-3.897235,0.461
83,B2,g,1,74.250705,-3.897645,0.343
84,B2,h,1,58.500351,-7.794162,1.303
85,B2,i,1,63.000676,-7.794572,0.534
86,B2,j,1,67.499829,-7.794193,0.33
87,B2,k,1,72.000155,-7.794604,0.269
88,B2,l,1,76.50029,-7.794033,0.292
89,B2,m,1,60.750127,-11.691531,0.803
90,B2,n,1,65.250452,-11.691942,0.618
91,B2,o,1,69.750587,-11.691371,0.09
92,B2,p,1,74.249931,-11.691973,0.141
93,B2,q,1,62.999903,-15.5889,0.746
94,B2,r,1,67.500037,-15.58833,0.148
95,B2,s,1,72.000363,-15.58874,0.192
96,B3,a,1,60.750334,-19.485667,0.633
97,B3,b,1,65.25066,-19.486078,0.406
98,B3,c,1,69.749813,-19.485699,0.106
99,B3,d,1,58.499784,-23.382626,0.529
100,B3,e,1,63.00011,-23.383037,0.288
101,B3,f,1,67.500245,-23.382466,0.307
102,B3,g,1,72.00057,-23.382877,0.26
103,B3,h,1,56.250407,-27.280375,0.484
104,B3,i,1,60.750542,-27.279804,0.669
105,B3,j,1,65.249886,-27.280406,0.5
106,B3,k,1,69.75002,-27.279835,0.33
107,B3,l,1,74.250346,-27.280246,0.318
108,B3,m,1,58.499992,-31.176763,0.734
109,B3,n,0,63.000318,-31.177173,0.552
110,B3,o,1,67.500452,-31.176603,0.575
111,B3,p,1,71.999796,-31.177205,0.514
112,B3,q,0,60.749768,-35.074132,0.685
113,B3,r,0,65.250094,-35.074543,0.629
114,B3,s,1,69.750228,-35.073972,0.598
115,B4,a,0,58.500199,-38.970899,0.697
116,B4,b,0,63.000525,-38.97131,0.741
117,B4,c,1,67.499678,-38.970931,0.766
118,B4,d,0,56.249841,-42.868839,0.957
119,B4,e,1,60.749975,-42.868268,1.298
120,B4,f,1,65.250301,-42.868679,1.12
121,B4,g,0,69.750436,-42.868109,0.19
122,B4,h,0,54.000273,-46.765606,1.315
123,B4,i,0,58.500407,-46.765036,1.166
124,B4,j,0,62.999751,-46.765638,0.899
125,B4,k,0,67.499886,-46.765067,0.597
126,B4,l,1,72.000212,-46.765478,0.567
127,B4,m,0,56.250049,-50.662976,0.962
128,B4,n,0,60.750183,-50.662405,0.846
129,B4,o,0,65.250509,-50.662816,0.577
130,B4,p,1,69.750643,-50.662245,0.762
131,B4,q,0,58.500615,-54.559172,0.734
132,B4,r,0,62.999959,-54.559774,0.757
133,B4,s,1,67.500285,-54.560185,1.033
134,B5,a,0,56.250256,-58.457112,0.937
135,B5,b,1,60.750391,-58.456541,1.282
136,B5,c,1,65.250716,-58.456952,1.341
137,B5,d,1,54.000688,-62.353879,1.344
138,B5,e,1,58.499841,-62.3535,1.4
139,B5,f,1,63.000167,-62.353911,1.498
140,B5,g,1,67.500492,-62.354322,0.943
141,B5,h,1,51.750138,-66.250838,1.44
142,B5,i,1,56.250464,-66.251249,1.51
143,B5,j,1,60.750598,-66.250678,1.591
144,B5,k,1,65.249943,-66.25128,1.293
145,B5,l,1,69.750077,-66.250709,1.629
146,B5,m,1,53.999914,-70.148207,1.745
147,B5,n,1,58.50024,-70.148618,1.914
148,B5,o,1,63.000374,-70.148047,1.854
149,B5,p,1,67.5007,-70.148458,1.454
150,B5,q,1,56.250671,-74.045385,1.827
151,B5,r,1,60.749824,-74.045006,1.859
152,B5,s,1,65.25015,-74.045417,1.123
153,B6,a,1,54.000122,-77.942344,1.931
154,B6,b,1,58.500447,-77.942755,1.762
155,B6,c,1,63.000582,-77.942184,1.624
156,B6,d,1,51.750553,-81.839111,1.875
157,B6,e,1,56.249897,-81.839713,1.63
158,B6,f,1,60.750032,-81.839142,1.482
159,B6,g,1,65.250358,-81.839553,0.819
160,B6,h,1,49.500195,-85.737051,1.707
161,B6,i,1,54.000329,-85.73648,1.957
162,B6,j,1,58.500655,-85.736891,1.453
163,B6,k,1,62.999808,-85.736512,0.874
164,B6,l,1,67.500134,-85.736923,0.479
165,B6,m,1,51.749779,-89.633439,1.622
166,B6,n,1,56.250105,-89.63385,1.363
167,B6,o,1,60.75024,-89.633279,0.664
168,B6,p,1,65.250565,-89.63369,0.1
169,B6,q,1,54.000537,-93.530617,1.225
170,B6,r,1,58.499881,-93.531219,0.536
171,B6,s,0,63.000015,-93.530648,-0.185
172,C1,a,1,49.500624,31.177726,0.775
173,C1,b,1,54.00095,31.177315,0.808
174,C1,c,1,58.501084,31.177885,1.034
175,C1,d,1,47.251247,27.279977,0.834
176,C1,e,1,51.7504,27.280356,0.798
177,C1,f,1,56.250726,27.279945,1.32
178,C1,g,1,60.75086,27.280516,0.969
179,C1,h,1,45.000697,23.383018,1.339
180,C1,i,1,49.500831,23.383589,0.84
181,C1,j,1,54.001157,23.383178,1.219
182,C1,k,1,58.500502,23.382576,1.035
183,C1,l,1,63.000636,23.383147,1.476
184,C1,m,1,47.250473,19.485649,1.032
185,C1,n,1,51.750607,19.48622,1.284
186,C1,o,1,56.250933,19.485809,1.538
187,C1,p,1,60.751068,19.48638,1.303
188,C1,q,1,49.501039,15.589453,1.283
189,C1,r,1,54.000383,15.58885,1.574
190,C1,s,1,58.500709,15.58844,1.217
191,C2,a,1,47.250681,11.691512,1.753
192,C2,b,1,51.750025,11.69091,1.481
193,C2,c,1,56.250159,11.691481,1.284
194,C2,d,1,45.000131,7.794554,1.851
195,C2,e,1,49.500457,7.794143,1.66
196,C2,f,1,54.000782,7.793732,2.041
197,C2,g,1,58.499935,7.794111,1.351
198,C2,h,1,42.750754,3.896805,1.923
199,C2,i,1,47.249907,3.897184,1.911
200,C2,j,1,51.750233,3.896774,1.979
201,C2,k,1,56.250367,3.897344,1.658
202,C2,l,1,60.750693,3.896934,1.153
203,C2,m,1,45.00053,-0.000564,2.154
204,C2,n,1,49.500664,0.000006,2.178
205,C2,o,1,54.000009,-0.000596,1.639
206,C2,p,1,58.500143,-0.000025,1.481
207,C2,q,1,47.250114,-3.896952,2.076
208,C2,r,1,51.75044,-3.897363,1.641
209,C2,s,1,56.250575,-3.896792,1.063
210,C3,a,1,33.751027,42.868692,0.715
211,C3,b,1,38.251162,42.869263,0.742
212,C3,c,1,42.750506,42.868661,0.711
213,C3,d,1,31.500477,38.971734,0.834
214,C3,e,1,36.000803,38.971323,0.721
215,C3,f,1,40.500937,38.971894,0.675
216,C3,g,1,45.001263,38.971483,0.785
217,C3,h,1,29.250909,35.074967,0.741
218,C3,i,1,33.751235,35.074556,0.638
219,C3,j,1,38.250579,35.073954,0.682
220,C3,k,1,42.750713,35.074524,0.834
221,C3,l,1,47.251039,35.074113,0.519
222,C3,m,1,31.500685,31.177597,0.8
223,C3,n,1,36.001011,31.177186,0.819
224,C3,o,1,40.501145,31.177757,1.023
225,C3,p,1,45.000489,31.177155,0.614
226,C3,q,1,33.750461,27.280228,0.846
227,C3,r,1,38.250787,27.279817,0.62
228,C3,s,1,42.750921,27.280388,0.85
229,C4,a,1,15.751296,35.074427,0.555
230,C4,b,1,20.250448,35.074807,0.884
231,C4,c,1,24.750774,35.074396,0.582
232,C4,d,1,13.500746,31.177469,0.819
233,C4,e,1,18.001072,31.177058,0.884
234,C4,f,1,22.501206,31.177629,1.121
235,C4,g,1,27.00055,31.177026,0.813
236,C4,h,1,11.251177,27.280702,0.964
237,C4,i,1,15.750522,27.280099,0.745
238,C4,j,1,20.250656,27.28067,1.086
239,C4,k,1,24.750982,27.280259,0.894
240,C4,l,1,29.251116,27.28083,0.758
241,C4,m,1,13.500953,23.383332,1.008
242,C4,n,1,18.001279,23.382921,1.01
243,C4,o,1,22.500432,23.383301,0.769
244,C4,p,1,27.000758,23.38289,0.906
245,C4,q,0,15.750729,19.485963,0.62
246,C4,r,0,20.250864,19.486534,0.658
247,C4,s,1,24.75119,19.486123,0.821
248,C5,a,1,0.000526,46.766184,-0.476
249,C5,b,1,4.500852,46.765773,-0.436
250,C5,c,1,9.000986,46.766344,-0.238
251,C5,d,1,-2.248851,42.868435,-0.481
252,C5,e,1,2.251283,42.869006,-0.352
253,C5,f,1,6.750628,42.868404,-0.175
254,C5,g,1,11.250762,42.868975,-0.147
255,C5,h,1,-4.499401,38.971477,-0.42
256,C5,i,1,0.000733,38.972048,-0.259
257,C5,j,1,4.501059,38.971637,-0.075
258,C5,k,1,9.001194,38.972208,-0.101
259,C5,l,1,13.500538,38.971605,-0.008
260,C5,m,1,-2.248643,35.074299,0.008
261,C5,n,1,2.250509,35.074678,-0.016
262,C5,o,1,6.750835,35.074267,0.018
263,C5,p,1,11.25097,35.074838,0.089
264,C5,q,1,0.000941,31.177911,0.016
265,C5,r,1,4.501267,31.1775,0.101
266,C5,s,1,9.00042,31.17788,0.225
267,C6,a,1,-35.998937,31.177654,-0.048
268,C6,b,1,-31.498611,31.177244,-0.354
269,C6,c,1,-26.998477,31.177814,-0.298
270,C6,d,1,-38.248505,27.280887,-0.054
271,C6,e,1,-33.748179,27.280476,-0.208
272,C6,f,1,-29.249027,27.280856,-0.178
273,C6,g,1,-24.748701,27.280445,-0.331
274,C6,h,1,-40.498864,23.382947,0.07
275,C6,i,0,-35.998729,23.383518,-0.161
276,C6,j,0,-31.498404,23.383107,-0.132
277,C6,k,1,-26.998269,23.383678,-0.158
278,C6,l,1,-22.498925,23.383075,-0.063
279,C6,m,0,-38.248298,19.486751,-0.12
280,C6,n,1,-33.748953,19.486148,0.628
281,C6,o,0,-29.248628,19.485738,-0.16
282,C6,p,0,-24.748493,19.486308,0.044
283,C6,q,0,-35.998522,15.589381,-0.009
284,C6,r,0,-31.498196,15.58897,-0.118
285,C6,s,0,-26.999043,15.58935,-0.026
286,C7,a,1,-47.249588,50.663137,-1.49
287,C7,b,1,-42.750436,50.663516,-1.494
288,C7,c,1,-38.25011,50.663105,-1.646
289,C7,d,1,-49.500138,46.766178,-1.377
290,C7,e,1,-44.999812,46.765767,-1.301
291,C7,f,1,-40.499678,46.766338,-1.344
292,C7,g,1,-36.000334,46.765736,-1.296
293,C7,h,1,-51.749707,42.869411,-1.032
294,C7,i,1,-47.250362,42.868809,-1.141
295,C7,j,1,-42.750228,42.86938,-1.123
296,C7,k,1,-38.249902,42.868969,-1.207
297,C7,l,1,-33.749768,42.869539,-0.588
298,C7,m,1,-49.499931,38.972042,-1.151
299,C7,n,1,-44.999605,38.971631,-0.891
300,C7,o,1,-40.500452,38.97201,-0.136
301,C7,p,1,-36.000126,38.971599,-0.14
302,C7,q,1,-47.250155,35.074672,-0.427
303,C7,r,1,-42.75002,35.075243,-0.161
304,C7,s,1,-38.249694,35.074832,-0.05
305,D1,a,1,-65.249511,42.869853,-1.261
306,D1,b,1,-60.750358,42.870233,-1.539
307,D1,c,1,-56.250033,42.869822,-1.687
308,D1,d,1,-67.500061,38.972895,-0.964
309,D1,e,1,-62.999735,38.972484,-1.159
310,D1,f,1,-58.499601,38.973055,-1.081
311,D1,g,1,-54.000257,38.972452,-0.866
312,D1,h,1,-69.74963,35.076128,-0.51
313,D1,i,1,-65.250285,35.075525,-0.285
314,D1,j,1,-60.750151,35.076096,-0.438
315,D1,k,1,-56.249825,35.075685,-0.691
316,D1,l,1,-51.749691,35.076256,-0.541
317,D1,m,1,-67.499854,31.178758,-0.151
318,D1,n,1,-62.999528,31.178347,0.056
319,D1,o,1,-58.500375,31.178727,-0.118
320,D1,p,1,-54.000049,31.178316,-0.271
321,D1,q,1,-65.250078,27.281389,0.157
322,D1,r,1,-60.749943,27.28196,0.378
323,D1,s,1,-56.249617,27.281549,0.272
324,D2,a,1,-83.249434,35.07657,-0.092
325,D2,b,1,-78.750281,35.076949,-0.273
326,D2,c,1,-74.249955,35.076538,-0.42
327,D2,d,1,-85.499984,31.179611,-0.148
328,D2,e,1,-80.999658,31.179201,0.103
329,D2,f,1,-76.499524,31.179771,-0.148
330,D2,g,1,-72.000179,31.179169,-0.145
331,D2,h,1,-87.749552,27.282844,0.435
332,D2,i,1,-83.250208,27.282242,0.511
333,D2,j,1,-78.750074,27.282813,0.283
334,D2,k,1,-74.249748,27.282402,0.291
335,D2,l,1,-69.749613,27.282973,0.28
336,D2,m,1,-85.499776,23.385475,0.583
337,D2,n,1,-80.999451,23.385064,0.687
338,D2,o,1,-76.500298,23.385443,0.852
339,D2,p,1,-71.999972,23.385033,0.737
340,D2,q,0,-83.25,19.488105,0.722
341,D2,r,0,-78.749866,19.488676,0.527
342,D2,s,0,-74.24954,19.488265,0.445
343,D3,a,1,-94.857606,-83.258812,4.694
344,D3,b,1,-90.358453,-83.258432,4.69
345,D3,c,1,-85.858127,-83.258843,3.853
346,D3,d,1,-97.108156,-87.15577,5.129
347,D3,e,1,-92.60783,-87.156181,4.787
348,D3,f,1,-88.107696,-87.15561,4.877
349,D3,g,1,-83.608351,-87.156213,3.987
350,D3,h,1,-99.357724,-91.052537,4.815
351,D3,i,1,-94.85838,-91.05314,4.95
352,D3,j,1,-90.358246,-91.052569,4.937
353,D3,k,1,-85.85792,-91.05298,4.895
354,D3,l,1,-81.357785,-91.052409,4.14
355,D3,m,1,-97.107948,-94.949907,4.925
356,D3,n,1,-92.607622,-94.950318,5.306
357,D3,o,1,-88.10847,-94.949938,4.607
358,D3,p,1,-83.608144,-94.950349,4.493
359,D3,q,1,-94.858172,-98.847276,4.96
360,D3,r,1,-90.358038,-98.846705,5.312
361,D3,s,1,-85.857712,-98.847116,4.278
362,D4,a,1,-110.608376,-71.567055,4.016
363,D4,b,1,-106.10805,-71.567466,3.67
364,D4,c,1,-101.607915,-71.566895,3.647
365,D4,d,1,-112.857753,-75.464804,4.949
366,D4,e,1,-108.3586,-75.464424,5.135
367,D4,f,1,-103.858274,-75.464835,4.866
368,D4,g,1,-99.358139,-75.464264,4.447
369,D4,h,1,-115.108303,-79.361762,5.089
370,D4,i,1,-110.608168,-79.361191,5.595
371,D4,j,1,-106.107842,-79.361602,5.471
372,D4,k,1,-101.608689,-79.361223,5.195
373,D4,l,1,-97.108363,-79.361634,4.714
374,D4,m,1,-112.858527,-83.259132,4.981
375,D4,n,1,-108.358392,-83.258561,5.128
376,D4,o,1,-103.858066,-83.258972,5.456
377,D4,p,1,-99.357932,-83.258401,5.154
378,D4,q,1,-110.607961,-87.155328,4.716
379,D4,r,1,-106.107635,-87.155739,4.658
380,D4,s,1,-101.608482,-87.155359,4.665
381,D5,a,1,-112.857529,-91.052095,4.533
382,D5,b,1,-108.357203,-91.052506,4.691
383,D5,c,1,-103.85805,-91.052127,4.608
384,D5,d,1,-115.108079,-94.949054,4.739
385,D5,e,1,-110.607753,-94.949464,4.63
386,D5,f,1,-106.107619,-94.948894,4.841
387,D5,g,1,-101.607293,-94.949305,4.788
388,D5,h,1,-117.357456,-98.846802,5.364
389,D5,i,1,-112.857321,-98.846232,5.014
390,D5,j,1,-108.357977,-98.846834,5.125
391,D5,k,1,-103.857843,-98.846263,5.076
392,D5,l,1,-99.357517,-98.846674,4.904
393,D5,m,1,-115.107871,-102.74319,5.874
394,D5,n,1,-110.607545,-102.743601,5.323
395,D5,o,1,-106.107219,-102.744012,5.331
396,D5,p,1,-101.608067,-102.743632,5.234
397,D5,q,1,-112.858095,-106.64056,6.031
398,D5,r,1,-108.357769,-106.64097,5.345
399,D5,s,1,-103.857635,-106.6404,5.511
400,D6,a,1,-126.359145,-59.875298,3.057
401,D6,b,1,-121.85882,-59.875709,2.628
402,D6,c,1,-117.358685,-59.875138,2.216
403,D6,d,1,-128.608522,-63.773047,3.291
404,D6,e,1,-124.109369,-63.772668,3.303
405,D6,f,1,-119.609044,-63.773078,2.809
406,D6,g,1,-115.108909,-63.772508,2.685
407,D6,h,1,-130.859072,-67.670005,3.352
408,D6,i,1,-126.358938,-67.669435,3.612
409,D6,j,1,-121.858612,-67.669845,4.195
410,D6,k,1,-117.359459,-67.669466,3.766
411,D6,l,1,-112.859133,-67.669877,3.316
412,D6,m,1,-128.609296,-71.567375,3.694
413,D6,n,1,-124.109162,-71.566804,4.088
414,D6,o,1,-119.608836,-71.567215,4.284
415,D6,p,1,-115.108702,-71.566644,4.151
416,D6,q,1,-126.35873,-75.463571,4.059
417,D6,r,1,-121.858404,-75.463982,4.394
418,D6,s,1,-117.359251,-75.463603,4.727
419,D7,a,1,-128.608107,-79.36132,4.118
420,D7,b,1,-124.107781,-79.361731,4.345
421,D7,c,1,-119.608628,-79.361351,4.595
422,D7,d,1,-130.858657,-83.258278,4.681
423,D7,e,1,-126.358331,-83.258689,4.728
424,D7,f,1,-121.858197,-83.258118,4.565
425,D7,g,1,-117.357871,-83.258529,4.857
426,D7,h,1,-133.108034,-87.156027,4.902
427,D7,i,1,-128.6079,-87.155456,4.911
428,D7,j,1,-124.108555,-87.156059,4.724
429,D7,k,1,-119.608421,-87.155488,4.665
430,D7,l,1,-115.108095,-87.155899,4.661
431,D7,m,1,-130.858449,-91.052415,5.071
432,D7,n,1,-126.358124,-91.052826,4.912
433,D7,o,1,-121.857798,-91.053236,5.067
434,D7,p,1,-117.358645,-91.052857,4.768
435,D7,q,1,-128.608673,-94.949784,5.468
436,D7,r,1,-124.108348,-94.950195,5.315
437,D7,s,1,-119.608213,-94.949624,5.012
438,D8,a,1,-130.85726,-98.84636,5.969
439,D8,b,1,-126.356934,-98.846771,5.938
440,D8,c,1,-121.857782,-98.846392,5.473
441,D8,d,1,-133.10781,-102.743319,6.343
442,D8,e,1,-128.607484,-102.743729,6.279
443,D8,f,1,-124.10735,-102.743159,5.946
444,D8,g,1,-119.607024,-102.743569,5.745
445,D8,h,1,-135.357187,-106.641067,7.05
446,D8,i,1,-130.857053,-106.640496,6.633
447,D8,j,1,-126.357708,-106.641099,6.14
448,D8,k,1,-121.857574,-106.640528,5.751
449,D8,l,1,-117.357248,-106.640939,6.016
450,D8,m,1,-133.107603,-110.537455,7.634
451,D8,n,1,-128.607277,-110.537866,6.952
452,D8,o,1,-124.106951,-110.538277,6.374
453,D8,p,1,-119.607798,-110.537897,6.072
454,D8,q,1,-130.857827,-114.434824,7.515
455,D8,r,1,-126.357501,-114.435235,6.885
456,D8,s,1,-121.857366,-114.434665,6.402
457,E1,a,1,-142.109915,-48.183541,1.436
458,E1,b,1,-137.609589,-48.183952,1.172
459,E1,c,1,-133.109455,-48.183381,1.267
460,E1,d,1,-144.359292,-52.08129,2.141
461,E1,e,1,-139.860139,-52.080911,1.85
462,E1,f,1,-135.359813,-52.081322,1.804
463,E1,g,1,-130.859679,-52.080751,1.768
464,E1,h,1,-146.609842,-55.978249,1.754
465,E1,i,1,-142.109707,-55.977678,2.168
466,E1,j,1,-137.609382,-55.978089,2.664
467,E1,k,1,-133.110229,-55.977709,2.445
468,E1,l,1,-128.609903,-55.97812,2.33
469,E1,m,1,-144.360066,-59.875618,2.309
470,E1,n,1,-139.859932,-59.875047,2.468
471,E1,o,1,-135.359606,-59.875458,3.016
472,E1,p,1,-130.859471,-59.874887,2.98
473,E1,q,1,-142.1095,-63.771814,2.689
474,E1,r,1,-137.609174,-63.772225,2.909
475,E1,s,1,-133.110021,-63.771846,3.216
476,E2,a,1,-144.358877,-67.669563,2.839
477,E2,b,1,-139.858551,-67.669974,3.168
478,E2,c,1,-135.359398,-67.669595,3.079
479,E2,d,1,-146.609427,-71.566522,3.543
480,E2,e,1,-142.109101,-71.566932,3.363
481,E2,f,1,-137.608966,-71.566362,3.609
482,E2,g,1,-133.108641,-71.566773,3.382
483,E2,h,1,-148.858804,-75.46427,3.735
484,E2,i,1,-144.358669,-75.4637,3.645
485,E2,j,1,-139.859325,-75.464302,3.716
486,E2,k,1,-135.35919,-75.463731,3.665
487,E2,l,1,-130.858865,-75.464142,4.046
488,E2,m,1,-146.609219,-79.360658,3.974
489,E2,n,1,-142.108893,-79.361069,4.15
490,E2,o,1,-137.608567,-79.36148,4.046
491,E2,p,1,-133.109414,-79.3611,4.208
492,E2,q,1,-144.359443,-83.258028,4.107
493,E2,r,1,-139.859117,-83.258438,4.336
494,E2,s,1,-135.358983,-83.257868,4.433
495,E3,a,1,-146.607839,-87.155585,4.682
496,E3,b,1,-142.107513,-87.155996,4.69
497,E3,c,1,-137.60836,-87.155616,4.805
498,E3,d,1,-148.858388,-91.052543,5.227
499,E3,e,1,-144.358063,-91.052954,5.092
500,E3,f,1,-139.857928,-91.052383,5.036
501,E3,g,1,-135.357602,-91.052794,5.102
502,E3,h,1,-151.107765,-94.950292,6.059
503,E3,i,1,-146.607631,-94.949721,5.847
504,E3,j,1,-142.108287,-94.950323,5.817
505,E3,k,1,-137.608152,-94.949753,5.808
506,E3,l,1,-133.107826,-94.950164,5.615
507,E3,m,1,-148.858181,-98.84668,6.358
508,E3,n,1,-144.357855,-98.847091,6.174
509,E3,o,1,-139.857529,-98.847501,6.149
510,E3,p,1,-135.358376,-98.847122,6.179
511,E3,q,1,-146.608405,-102.744049,6.878
512,E3,r,1,-142.108079,-102.74446,6.726
513,E3,s,1,-137.607945,-102.743889,6.637
514,E4,a,1,-160.109647,-55.977806,1.69
515,E4,b,1,-155.609321,-55.978217,1.73
516,E4,c,1,-151.110168,-55.977838,1.819
517,E4,d,1,-162.360196,-59.874765,1.943
518,E4,e,1,-157.859871,-59.875176,1.806
519,E4,f,1,-153.359736,-59.874605,2.012
520,E4,g,1,-148.85941,-59.875016,2.079
521,E4,h,1,-164.609573,-63.772514,2.063
522,E4,i,1,-160.109439,-63.771943,2.172
523,E4,j,1,-155.610095,-63.772545,2.355
524,E4,k,1,-151.10996,-63.771974,2.634
525,E4,l,1,-146.609634,-63.772385,2.718
526,E4,m,1,-162.359989,-67.668901,2.331
527,E4,n,1,-157.859663,-67.669312,2.637
528,E4,o,1,-153.359337,-67.669723,3.107
529,E4,p,1,-148.860184,-67.669344,3.049
530,E4,q,1,-160.110213,-71.566271,3.027
531,E4,r,1,-155.609887,-71.566682,3.2
532,E4,s,1,-151.109753,-71.566111,2.968
533,E5,a,1,-162.358608,-75.463828,3.272
534,E5,b,1,-157.858282,-75.464239,3.232
535,E5,c,1,-153.359129,-75.46386,3.571
536,E5,d,1,-164.609158,-79.360787,3.589
537,E5,e,1,-160.108832,-79.361197,3.683
538,E5,f,1,-155.608698,-79.360627,3.89
539,E5,g,1,-151.108372,-79.361037,4.21
540,E5,h,1,-166.858535,-83.258535,3.73
541,E5,i,1,-162.358401,-83.257964,3.884
542,E5,j,1,-157.859056,-83.258567,4.283
543,E5,k,1,-153.358922,-83.257996,4.395
544,E5,l,1,-148.858596,-83.258407,4.504
545,E5,m,1,-164.608951,-87.154923,4.416
546,E5,n,1,-160.108625,-87.155334,4.461
547,E5,o,1,-155.608299,-87.155745,4.507
548,E5,p,1,-151.109146,-87.155365,4.889
549,E5,q,1,-162.359175,-91.052292,5.215
550,E5,r,1,-157.858849,-91.052703,5.099
551,E5,s,1,-153.358714,-91.052133,5.216
552,E6,a,1,-97.107741,-102.744043,4.995
553,E6,b,1,-92.607415,-102.744454,5.22
554,E6,c,1,-88.108262,-102.744075,5.12
555,E6,d,1,-99.358291,-106.641002,5.329
556,E6,e,1,-94.857965,-106.641413,4.976
557,E6,f,1,-90.35783,-106.640842,5.075
558,E6,g,1,-85.857504,-106.641253,4.749
559,E6,h,1,-101.607668,-110.538751,5.327
560,E6,i,1,-97.107533,-110.53818,4.931
561,E6,j,1,-92.608189,-110.538782,4.714
562,E6,k,1,-88.108054,-110.538211,4.76
563,E6,l,1,-83.607728,-110.538622,4.12
564,E6,m,1,-99.358083,-114.435138,4.895
565,E6,n,1,-94.857757,-114.435549,4.624
566,E6,o,1,-90.357431,-114.43596,4.373
567,E6,p,1,-85.858278,-114.435581,4.322
568,E6,q,1,-97.108307,-118.332508,4.549
569,E6,r,1,-92.607981,-118.332919,4.223
570,E6,s,1,-88.107847,-118.332348,3.804
571,E7,a,0,40.500468,-46.765164,1.19
572,E7,b,0,44.999812,-46.765766,1.322
573,E7,c,1,49.499947,-46.765195,1.521
574,E7,d,0,38.249918,-50.662123,1.317
575,E7,e,1,42.750244,-50.662533,1.469
576,E7,f,1,47.25057,-50.662944,1.764
577,E7,g,1,51.749723,-50.662565,1.724
578,E7,h,1,36.000541,-54.559871,1.841
579,E7,i,1,40.499694,-54.559492,1.564
580,E7,j,0,45.00002,-54.559903,1.746
581,E7,k,0,49.500154,-54.559332,1.469
582,E7,l,0,54.00048,-54.559743,1.102
583,E7,m,1,38.250317,-58.457241,1.773
584,E7,n,1,42.750452,-58.45667,1.851
585,E7,o,1,47.249796,-58.457272,1.851
586,E7,p,1,51.74993,-58.456701,1.495
587,E7,q,0,40.499902,-62.353628,1.339
588,E7,r,0,45.000228,-62.354039,1.45
589,E7,s,1,49.500362,-62.353469,1.474
590,F1,a,1,-26.999361,-38.97097,1.694
591,F1,b,1,-22.500017,-38.971573,1.625
592,F1,c,1,-17.999883,-38.971002,1.898
593,F1,d,1,-29.249911,-42.867929,2.011
594,F1,e,1,-24.749585,-42.86834,1.671
595,F1,f,1,-20.249451,-42.867769,1.996
596,F1,g,1,-15.750107,-42.868371,2
597,F1,h,1,-31.49948,-46.764696,2.539
598,F1,i,1,-27.000135,-46.765298,1.903
599,F1,j,1,-22.499809,-46.765709,1.759
600,F1,k,1,-17.999675,-46.765138,1.656
601,F1,l,1,-13.499349,-46.765549,1.85
602,F1,m,1,-29.249704,-50.662065,2.146
603,F1,n,1,-24.749378,-50.662476,1.661
604,F1,o,1,-20.250225,-50.662097,1.772
605,F1,p,1,-15.749899,-50.662508,1.605
606,F1,q,1,-26.999928,-54.559435,1.586
607,F1,r,1,-22.499602,-54.559846,1.752
608,F1,s,1,-17.999467,-54.559275,1.55
609,F2,a,0,-29.249496,-58.456202,1.658
610,F2,b,0,-24.750152,-58.456804,1.528
611,F2,c,0,-20.250017,-58.456233,1.5
612,F2,d,0,-31.499855,-62.354142,1.514
613,F2,e,0,-26.99972,-62.353571,1.434
614,F2,f,0,-22.499394,-62.353982,1.567
615,F2,g,0,-18.000241,-62.353603,1.291
616,F2,h,0,-33.749423,-66.250909,1.438
617,F2,i,0,-29.25027,-66.25053,1.434
618,F2,j,0,-24.749944,-66.250941,1.301
619,F2,k,0,-20.24981,-66.25037,1.39
620,F2,l,0,-15.749484,-66.250781,1.162
621,F2,m,0,-31.499647,-70.148279,1.359
622,F2,n,0,-26.999513,-70.147708,1.353
623,F2,o,0,-22.500168,-70.14831,1.259
624,F2,p,0,-18.000034,-70.147739,1.235
625,F2,q,0,-29.250062,-74.044666,1.38
626,F2,r,0,-24.749737,-74.045077,1.145
627,F2,s,0,-20.249602,-74.044506,1.214
628,F3,a,0,-42.74994,-27.280195,0.433
629,F3,b,0,-38.249805,-27.279624,0.808
630,F3,c,0,-33.749479,-27.280035,0.888
631,F3,d,0,-44.999508,-31.176962,0.715
632,F3,e,0,-40.499374,-31.176392,0.98
633,F3,f,0,-36.000029,-31.176994,0.939
634,F3,g,0,-31.499895,-31.176423,1.197
635,F3,h,0,-47.250058,-35.073921,0.953
636,F3,i,0,-42.749732,-35.074332,0
637,F3,j,0,-38.249598,-35.073761,0.964
638,F3,k,0,-33.749272,-35.074172,1.037
639,F3,l,0,-29.250119,-35.073792,1.318
640,F3,m,0,-44.9993,-38.971099,1.46
641,F3,n,0,-40.500148,-38.970719,1.171
642,F3,o,0,-35.999822,-38.97113,1.153
643,F3,p,0,-31.499687,-38.97056,1.718
644,F3,q,0,-42.749524,-42.868468,0.942
645,F3,r,0,-38.24939,-42.867897,1.312
646,F3,s,0,-33.750046,-42.8685,1.273
647,F4,a,1,-17.998224,38.972111,-0.365
648,F4,b,1,-13.49888,38.971508,-0.422
649,F4,c,1,-8.998745,38.972079,-0.413
650,F4,d,1,-20.248582,35.074171,-0.276
651,F4,e,1,-15.748448,35.074741,-0.175
652,F4,f,1,-11.248122,35.074331,-0.057
653,F4,g,1,-6.748969,35.07471,-0.19
654,F4,h,1,-22.498151,31.177403,-0.203
655,F4,i,1,-17.998998,31.177783,-0.17
656,F4,j,1,-13.498672,31.177372,-0.234
657,F4,k,1,-8.998538,31.177943,-0.145
658,F4,l,1,-4.498212,31.177532,-0.034
659,F4,m,1,-20.248375,27.280034,-0.236
660,F4,n,1,-15.74824,27.280605,-0.114
661,F4,o,1,-11.248896,27.280003,-0.164
662,F4,p,1,-6.748762,27.280573,0.155
663,F4,q,1,-17.99879,23.383646,-0.191
664,F4,r,1,-13.498464,23.383235,0.162
665,F4,s,1,-8.99833,23.383806,0.19
666,F5,a,0,-58.499728,-15.588247,0.448
667,F5,b,0,-53.999402,-15.588658,0.573
668,F5,c,0,-49.499268,-15.588087,0.524
669,F5,d,0,-60.749296,-19.485014,0.601
670,F5,e,0,-56.249952,-19.485616,0.566
671,F5,f,0,-51.749817,-19.485046,0.701
672,F5,g,0,-47.249492,-19.485456,0.63
673,F5,h,0,-62.999655,-23.382954,0.581
674,F5,i,0,-58.49952,-23.382383,0.652
675,F5,j,1,-53.999194,-23.382794,1.217
676,F5,k,0,-49.500041,-23.382415,0.785
677,F5,l,1,-44.999716,-23.382826,0.777
678,F5,m,0,-60.75007,-27.279342,0.689
679,F5,n,0,-56.249744,-27.279753,0.744
680,F5,o,1,-51.74961,-27.279182,0.932
681,F5,p,1,-47.249284,-27.279593,0.741
682,F5,q,1,-58.499313,-31.17652,0.968
683,F5,r,1,-53.999968,-31.177122,0.943
684,F5,s,1,-49.499834,-31.176551,0.837
685,F6,a,1,0.0,0.0,0.0
686,F6,b,1,0.0,0.0,0.0
687,F6,c,1,0.0,0.0,0.0
688,F6,d,1,0.0,0.0,0.0
689,F6,e,1,0.0,0.0,0.0
690,F6,f,0,-53.998779,-38.971067,1.214
691,F6,g,0,-49.498453,-38.971478,1.087
692,F6,h,0,-65.248616,-42.868976,1.084
693,F6,i,0,-60.748482,-42.868405,1.021
694,F6,j,0,-56.249138,-42.869007,1.219
695,F6,k,0,-51.749003,-42.868437,1.174
696,F6,l,0,-47.248677,-42.868847,1.239
697,F6,m,0,-62.999032,-46.765364,1.097
698,F6,n,0,-58.498706,-46.765774,1.108
699,F6,o,0,-53.998572,-46.765204,1.277
700,F6,p,0,-49.499227,-46.765806,1.184
701,F6,q,0,-60.749256,-50.662733,1.403
702,F6,r,0,-56.24893,-50.663144,1.264
703,F6,s,0,-51.748796,-50.662573,1.288
704,F7,a,1,45.000737,-7.794701,1.819
705,F7,b,1,49.49989,-7.794321,1.745
706,F7,c,1,54.000216,-7.794732,1.357
707,F7,d,1,42.750188,-11.691659,1.689
708,F7,e,1,47.250322,-11.691089,1.773
709,F7,f,1,51.750648,-11.691499,1.645
710,F7,g,1,56.249801,-11.69112,1.204
711,F7,h,0,40.500619,-15.588426,0
712,F7,i,1,44.999963,-15.589029,2.022
713,F7,j,1,49.500098,-15.588458,1.543
714,F7,k,1,54.000424,-15.588869,1.056
715,F7,l,1,58.500558,-15.588298,0.936
716,F7,m,0,42.750395,-19.485796,1.321
717,F7,n,1,47.25053,-19.485225,1.563
718,F7,o,1,51.749874,-19.485827,1.278
719,F7,p,1,56.250008,-19.485257,0.761
720,F7,q,0,45.000171,-23.383165,1.181
721,F7,r,0,49.500305,-23.382595,0.988
722,F7,s,1,54.000631,-23.383005,0.752
723,F8,a,1,31.500102,23.382288,0.875
724,F8,b,1,36.000237,23.382858,0.992
725,F8,c,1,40.500563,23.382448,1.157
726,F8,d,1,29.250534,19.485521,1.268
727,F8,e,1,33.75086,19.48511,1.255
728,F8,f,1,38.250013,19.485489,1.172
729,F8,g,1,42.750339,19.485078,1.416
730,F8,h,1,26.999984,15.588562,1.249
731,F8,i,1,31.50031,15.588151,1.4
732,F8,j,1,36.000444,15.588722,1.345
733,F8,k,1,40.50077,15.588311,1.544
734,F8,l,1,44.999923,15.58869,1.649
735,F8,m,1,29.250741,11.691384,1.352
736,F8,n,1,33.750086,11.690782,1.558
737,F8,o,1,38.25022,11.691353,1.851
738,F8,p,1,42.750546,11.690942,1.71
739,F8,q,1,31.500518,7.794015,1.607
740,F8,r,1,36.000652,7.794585,1.873
741,F8,s,1,40.499996,7.793983,2.508
742,G1,a,0,29.249968,3.897056,2.345
743,G1,b,0,33.750294,3.896645,2.63
744,G1,c,0,38.250428,3.897216,2.428
745,G1,d,0,27.000399,0.000289,2.751
746,G1,e,0,31.500725,-0.000122,2.52
747,G1,f,0,35.999878,0.000257,2.344
748,G1,g,0,40.500204,-0.000153,1.961
749,G1,h,0,24.750041,-3.897651,2.483
750,G1,i,0,29.250175,-3.897081,2.324
751,G1,j,0,33.750501,-3.897491,2.164
752,G1,k,0,38.250636,-3.896921,2.135
753,G1,l,0,42.74998,-3.897523,2.171
754,G1,m,0,27.000607,-7.793848,2.272
755,G1,n,0,31.499951,-7.79445,1.99
756,G1,o,0,36.000086,-7.793879,2
757,G1,p,0,40.500412,-7.79429,1.932
758,G1,q,0,29.250383,-11.691217,1.81
759,G1,r,0,33.750709,-11.691628,1.731
760,G1,s,0,38.249862,-11.691249,1.758
761,G2,a,1,-27.746682,-198.454281,4.773
762,G2,b,1,-23.246356,-198.454692,4.083
763,G2,c,1,-18.747203,-198.454313,3.015
764,G2,d,1,-29.997232,-202.35124,3.698
765,G2,e,1,-25.496906,-202.351651,3.712
766,G2,f,1,-20.996772,-202.35108,3.307
767,G2,g,1,-16.496446,-202.351491,2.914
768,G2,h,1,-32.246609,-206.248989,2.835
769,G2,i,1,-27.746474,-206.248418,3.122
770,G2,j,1,-23.24713,-206.24902,3.304
771,G2,k,1,-18.746996,-206.248449,3.081
772,G2,l,1,-14.24667,-206.24886,2.243
773,G2,m,1,-29.997024,-210.145376,2.527
774,G2,n,1,-25.496698,-210.145787,2.535
775,G2,o,1,-20.996373,-210.146198,2.722
776,G2,p,1,-16.49722,-210.145819,2.062
777,G2,q,1,-27.747248,-214.042746,2.096
778,G2,r,1,-23.246922,-214.043157,2.114
779,G2,s,1,-18.746788,-214.042586,1.968
780,G3,a,1,-43.49726,-186.763506,3.55
781,G3,b,1,-38.996934,-186.763917,2.883
782,G3,c,1,-34.497781,-186.763538,2.591
783,G3,d,1,-45.74781,-190.660465,3.84
784,G3,e,1,-41.247484,-190.660875,4.297
785,G3,f,1,-36.74735,-190.660305,4.541
786,G3,g,1,-32.247024,-190.660716,3.98
787,G3,h,1,-47.997187,-194.558213,3.804
788,G3,i,1,-43.497053,-194.557643,4.031
789,G3,j,1,-38.997708,-194.558245,4.348
790,G3,k,1,-34.497574,-194.557674,5.366
791,G3,l,1,-29.997248,-194.558085,4.741
792,G3,m,1,-45.747602,-198.454601,3.467
793,G3,n,1,-41.247277,-198.455012,4.053
794,G3,o,1,-36.746951,-198.455423,4.489
795,G3,p,1,-32.247798,-198.455043,4.411
796,G3,q,1,-43.497826,-202.351971,3.604
797,G3,r,1,-38.997501,-202.352381,3.159
798,G3,s,1,-34.497366,-202.351811,3.542
799,G4,a,1,-59.247838,-175.072731,2.083
800,G4,b,1,-54.747513,-175.073142,2.07
801,G4,c,1,-50.24836,-175.072762,2.054
802,G4,d,1,-61.498388,-178.969689,2.35
803,G4,e,1,-56.998062,-178.9701,2.257
804,G4,f,1,-52.497928,-178.969529,2.076
805,G4,g,1,-47.997602,-178.96994,2.013
806,G4,h,1,-63.747765,-182.867438,2.686
807,G4,i,1,-59.247631,-182.866867,2.606
808,G4,j,1,-54.748286,-182.86747,2.567
809,G4,k,1,-50.248152,-182.866899,2.495
810,G4,l,1,-45.747826,-182.86731,2.354
811,G4,m,1,-61.498181,-186.763826,3.457
812,G4,n,1,-56.997855,-186.764237,3.784
813,G4,o,1,-52.497529,-186.764647,3.297
814,G4,p,1,-47.998376,-186.764268,3.218
815,G4,q,1,-59.248405,-190.661195,3.455
816,G4,r,1,-54.748079,-190.661606,3.92
817,G4,s,1,-50.247944,-190.661035,3.516
818,G5,a,1,-61.496992,-194.557771,3.751
819,G5,b,1,-56.996666,-194.558182,3.478
820,G5,c,1,-52.497513,-194.557803,3.599
821,G5,d,1,-63.747542,-198.45473,3.566
822,G5,e,1,-59.247216,-198.45514,3.436
823,G5,f,1,-54.747081,-198.45457,3.464
824,G5,g,1,-50.246755,-198.45498,3.649
825,G5,h,1,-65.996918,-202.352478,3.833
826,G5,i,1,-61.496784,-202.351907,3.362
827,G5,j,1,-56.99744,-202.35251,3.301
828,G5,k,1,-52.497305,-202.351939,3.345
829,G5,l,1,-47.996979,-202.35235,3.168
830,G5,m,1,-63.747334,-206.248866,3.796
831,G5,n,1,-59.247008,-206.249277,3.182
832,G5,o,1,-54.746682,-206.249688,3.011
833,G5,p,1,-50.247529,-206.249308,2.833
834,G5,q,1,-61.497558,-210.146235,3.582
835,G5,r,1,-56.997232,-210.146646,3.419
836,G5,s,1,-52.497098,-210.146076,3.15
837,G6,a,1,-63.746145,-214.042811,3.629
838,G6,b,1,-59.245819,-214.043222,3.418
839,G6,c,1,-54.746666,-214.042843,3.275
840,G6,d,1,-65.996695,-217.93977,3.762
841,G6,e,1,-61.496369,-217.940181,3.501
842,G6,f,1,-56.996234,-217.93961,3.298
843,G6,g,1,-52.495909,-217.940021,2.704
844,G6,h,1,-68.246072,-221.837518,3.93
845,G6,i,1,-63.745937,-221.836948,3.613
846,G6,j,1,-59.246593,-221.83755,3.472
847,G6,k,1,-54.746458,-221.836979,2.9
848,G6,l,1,-50.246133,-221.83739,2.944
849,G6,m,1,-65.996487,-225.733906,3.988
850,G6,n,1,-61.496161,-225.734317,3.42
851,G6,o,1,-56.995835,-225.734728,3.24
852,G6,p,1,-52.496682,-225.734349,3.373
853,G6,q,1,-63.746711,-229.631276,3.928
854,G6,r,1,-59.246385,-229.631686,5.081
855,G6,s,1,-54.746251,-229.631116,4.588
856,G7,a,1,-77.24757,-182.866996,2.924
857,G7,b,1,-72.747244,-182.867407,2.76
858,G7,c,1,-68.248091,-182.867027,2.578
859,G7,d,1,-79.49812,-186.763954,4.146
860,G7,e,1,-74.997794,-186.764365,3.329
861,G7,f,1,-70.497659,-186.763794,3.212
862,G7,g,1,-65.997334,-186.764205,3.737
863,G7,h,1,-81.747497,-190.661703,3.852
864,G7,i,1,-77.247362,-190.661132,4.032
865,G7,j,1,-72.748018,-190.661734,3.973
866,G7,k,1,-68.247884,-190.661164,3.892
867,G7,l,1,-63.747558,-190.661575,3.534
868,G7,m,1,-79.497912,-194.558091,3.795
869,G7,n,1,-74.997586,-194.558502,3.553
870,G7,o,1,-70.49726,-194.558912,3.568
871,G7,p,1,-65.998108,-194.558533,3.464
872,G7,q,1,-77.248136,-198.45546,3.531
873,G7,r,1,-72.74781,-198.455871,3.461
874,G7,s,1,-68.247676,-198.4553,3.56
875,H1,a,1,-79.496723,-202.352036,4.018
876,H1,b,1,-74.996397,-202.352447,3.964
877,H1,c,1,-70.497244,-202.352067,3.902
878,H1,d,1,-81.747273,-206.248994,3.999
879,H1,e,1,-77.246947,-206.249405,4.223
880,H1,f,1,-72.746813,-206.248835,4.199
881,H1,g,1,-68.246487,-206.249245,4.084
882,H1,h,1,-83.99665,-210.146743,4.292
883,H1,i,1,-79.496515,-210.146172,4.22
884,H1,j,1,-74.997171,-210.146775,4.207
885,H1,k,1,-70.497037,-210.146204,4.1
886,H1,l,1,-65.996711,-210.146615,3.735
887,H1,m,1,-81.747065,-214.043131,4.212
888,H1,n,1,-77.246739,-214.043542,4.219
889,H1,o,1,-72.746414,-214.043953,4.151
890,H1,p,1,-68.247261,-214.043573,4.083
891,H1,q,1,-79.497289,-217.9405,4.286
892,H1,r,1,-74.996964,-217.940911,4.241
893,H1,s,1,-70.496829,-217.94034,3.861
894,H2,a,1,-92.998148,-171.17622,2.691
895,H2,b,1,-88.497822,-171.176631,3.164
896,H2,c,1,-83.998669,-171.176252,2.77
897,H2,d,1,-95.248698,-175.073179,2.705
898,H2,e,1,-90.748372,-175.07359,2.912
899,H2,f,1,-86.248238,-175.073019,3.349
900,H2,g,1,-81.747912,-175.07343,2.681
901,H2,h,1,-97.498075,-178.970928,2.8
902,H2,i,1,-92.997941,-178.970357,2.904
903,H2,j,1,-88.498596,-178.970959,3.047
904,H2,k,1,-83.998462,-178.970389,3.586
905,H2,l,1,-79.498136,-178.970799,2.768
906,H2,m,1,-95.24849,-182.867316,2.918
907,H2,n,1,-90.748165,-182.867726,3.127
908,H2,o,1,-86.247839,-182.868137,3.336
909,H2,p,1,-81.748686,-182.867758,3.597
910,H2,q,1,-92.998714,-186.764685,3.027
911,H2,r,1,-88.498389,-186.765096,3.152
912,H2,s,1,-83.998254,-186.764525,3.621
913,H3,a,1,-95.247301,-190.661261,3.148
914,H3,b,1,-90.746975,-190.661671,3.237
915,H3,c,1,-86.247823,-190.661292,3.472
916,H3,d,1,-97.497851,-194.558219,3.179
917,H3,e,1,-92.997525,-194.55863,3.333
918,H3,f,1,-88.497391,-194.558059,3.581
919,H3,g,1,-83.997065,-194.55847,3.643
920,H3,h,1,-99.747228,-198.455968,3.354
921,H3,i,1,-95.247094,-198.455397,3.426
922,H3,j,1,-90.747749,-198.455999,3.477
923,H3,k,1,-86.247615,-198.455429,3.671
924,H3,l,1,-81.747289,-198.455839,3.538
925,H3,m,1,-97.497644,-202.352356,4.096
926,H3,n,1,-92.997318,-202.352767,4.114
927,H3,o,1,-88.496992,-202.353177,4.05
928,H3,p,1,-83.997839,-202.352798,4.017
929,H3,q,1,-95.247868,-206.249725,4.402
930,H3,r,1,-90.747542,-206.250136,4.396
931,H3,s,1,-86.247407,-206.249565,4.34
932,H4,a,1,-144.399376,-131.726814,7.648
933,H4,b,1,-139.89905,-131.727225,7.397
934,H4,c,1,-135.399897,-131.726846,7.426
935,H4,d,1,-146.649926,-135.623773,7.551
936,H4,e,1,-142.1496,-135.624184,7.054
937,H4,f,1,-137.649465,-135.623613,6.968
938,H4,g,1,-133.14914,-135.624024,6.925
939,H4,h,1,-148.899303,-139.521522,7.329
940,H4,i,1,-144.399168,-139.520951,6.946
941,H4,j,1,-139.899824,-139.521553,6.74
942,H4,k,1,-135.39969,-139.520982,6.352
943,H4,l,1,-130.899364,-139.521393,6.34
944,H4,m,1,-146.649718,-143.417909,7.009
945,H4,n,1,-142.149392,-143.41832,6.838
946,H4,o,1,-137.649066,-143.418731,6.187
947,H4,p,1,-133.149914,-143.418352,5.734
948,H4,q,1,-144.399942,-147.315279,6.745
949,H4,r,1,-139.899616,-147.31569,6.213
950,H4,s,1,-135.399482,-147.315119,5.474
951,H5,a,1,-160.148781,-120.036829,7.015
952,H5,b,1,-155.648455,-120.03724,7.204
953,H5,c,1,-151.149302,-120.036861,7.693
954,H5,d,1,-162.399331,-123.933788,7.115
955,H5,e,1,-157.899005,-123.934199,7.01
956,H5,f,1,-153.398871,-123.933628,7.138
957,H5,g,1,-148.898545,-123.934039,7.606
958,H5,h,1,-164.648708,-127.831536,6.625
959,H5,i,1,-160.148574,-127.830966,6.69
960,H5,j,1,-155.649229,-127.831568,7.079
961,H5,k,1,-151.149095,-127.830997,7.353
962,H5,l,1,-146.648769,-127.831408,7.561
963,H5,m,1,-162.399123,-131.727924,7.305
964,H5,n,1,-157.898798,-131.728335,7.075
965,H5,o,1,-153.398472,-131.728746,7.222
966,H5,p,1,-148.899319,-131.728367,7.326
967,H5,q,1,-160.149347,-135.625294,7.176
968,H5,r,1,-155.649022,-135.625704,7.061
969,H5,s,1,-151.148887,-135.625134,7.476
970,H6,a,1,-162.397934,-139.521869,7.224
971,H6,b,1,-157.897608,-139.52228,7.181
972,H6,c,1,-153.398456,-139.521901,7.49
973,H6,d,1,-164.648484,-143.418828,6.915
974,H6,e,1,-160.148158,-143.419239,6.798
975,H6,f,1,-155.648024,-143.418668,7.165
976,H6,g,1,-151.147698,-143.419079,7.208
977,H6,h,1,-166.897861,-147.316577,6.549
978,H6,i,1,-162.397727,-147.316006,6.743
979,H6,j,1,-157.898382,-147.316608,6.874
980,H6,k,1,-153.398248,-147.316037,6.996
981,H6,l,1,-148.897922,-147.316448,6.792
982,H6,m,1,-164.648277,-151.212964,6.476
983,H6,n,1,-160.147951,-151.213375,6.607
984,H6,o,1,-155.647625,-151.213786,6.768
985,H6,p,1,-151.148472,-151.213407,6.625
986,H6,q,1,-162.398501,-155.110334,6.24
987,H6,r,1,-157.898175,-155.110745,6.683
988,H6,s,1,-153.39804,-155.110174,6.213
989,I1,a,1,-178.14734,-127.831884,7.42
990,I1,b,1,-173.647014,-127.832295,7.544
991,I1,c,1,-169.147861,-127.831916,7.125
992,I1,d,1,-180.39789,-131.728843,7.559
993,I1,e,1,-175.897564,-131.729254,7.587
994,I1,f,1,-171.397429,-131.728683,6.94
995,I1,g,1,-166.897103,-131.729094,7.097
996,I1,h,1,-182.647266,-135.626591,7.539
997,I1,i,1,-178.147132,-135.626021,7.302
998,I1,j,1,-173.647788,-135.626623,7.32
999,I1,k,1,-169.147653,-135.626052,6.77
1000,I1,l,1,-164.647327,-135.626463,6.985
1001,I1,m,1,-180.397682,-139.522979,7.047
1002,I1,n,1,-175.897356,-139.52339,6.889
1003,I1,o,1,-171.39703,-139.523801,6.717
1004,I1,p,1,-166.897877,-139.523422,7.065
1005,I1,q,1,-178.147906,-143.420349,6.455
1006,I1,r,1,-173.64758,-143.420759,6.709
1007,I1,s,1,-169.147446,-143.420189,6.9
1008,I2,a,0,-196.145898,-135.626939,6.157
1009,I2,b,0,-191.645572,-135.62735,5.899
1010,I2,c,0,-187.146419,-135.626971,6.134
1011,I2,d,0,-198.396448,-139.523898,5.673
1012,I2,e,0,-193.896122,-139.524308,5.743
1013,I2,f,0,-189.395988,-139.523738,5.914
1014,I2,g,0,-184.895662,-139.524149,5.818
1015,I2,h,0,-200.645825,-143.421646,5.45
1016,I2,i,0,-196.145691,-143.421076,5.546
1017,I2,j,0,-191.646346,-143.421678,5.648
1018,I2,k,0,-187.146212,-143.421107,5.885
1019,I2,l,0,-182.645886,-143.421518,5.753
1020,I2,m,0,-198.39624,-147.318034,5.498
1021,I2,n,0,-193.895915,-147.318445,5.642
1022,I2,o,0,-189.395589,-147.318856,5.683
1023,I2,p,0,-184.896436,-147.318477,5.826
1024,I2,q,0,-196.146464,-151.215404,5.616
1025,I2,r,0,-191.646139,-151.215814,5.586
1026,I2,s,0,-187.146004,-151.215244,5.67
1027,I3,a,1,-193.896745,-116.141899,6.516
1028,I3,b,1,-189.396419,-116.14231,6.857
1029,I3,c,1,-184.897266,-116.14193,7.006
1030,I3,d,1,-196.147295,-120.038858,6.639
1031,I3,e,1,-191.646969,-120.039268,7.038
1032,I3,f,1,-187.146835,-120.038698,7.437
1033,I3,g,1,-182.646509,-120.039108,7.356
1034,I3,h,1,-198.396672,-123.936606,7.221
1035,I3,i,1,-193.896537,-123.936035,7.178
1036,I3,j,1,-189.397193,-123.936638,7.792
1037,I3,k,1,-184.897059,-123.936067,7.381
1038,I3,l,1,-180.396733,-123.936478,7.899
1039,I3,m,1,-196.147087,-127.832994,7.461
1040,I3,n,1,-191.646761,-127.833405,7.569
1041,I3,o,1,-187.146435,-127.833816,7.927
1042,I3,p,1,-182.647283,-127.833436,7.716
1043,I3,q,1,-193.897311,-131.730363,7.703
1044,I3,r,1,-189.396985,-131.730774,7.599
1045,I3,s,1,-184.896851,-131.730203,7.636
1046,DIV,a,0,0,0,0
1047,DIV,b,0,0,0,0
1048,DIV,c,0,0,0,0
1049,DIV,d,0,0,0,0
1050,DIV,e,0,0,0,0
1051,DIV,f,0,0,0,0
1052,DIV,g,0,0,0,0
1053,DIV,h,0,0,0,0
1054,DIV,i,0,0,0,0
1055,DIV,j,0,0,0,0
1056,DIV,k,0,0,0,0
1057,DIV,l,0,0,0,0
1058,DIV,m,0,0,0,0
1059,DIV,n,0,0,0,0
1060,DIV,o,0,0,0,0
1061,DIV,p,0,0,0,0
1062,DIV,q,0,0,0,0
1063,DIV,r,0,0,0,0
1064,DIV,s,0,0,0,0
1065,Z1,a,0,15.750467,-74.045231,0.644
1066,Z1,b,0,18.000036,-70.148464,0.782
1067,Z1,c,0,20.250394,-66.250524,0.782
1068,Z1,d,1,22.499963,-62.353757,1.032
1069,Z1,e,1,24.750513,-58.456798,1.488
1070,Z1,f,1,27.000081,-54.560031,1.56
1071,Z1,g,1,29.250439,-50.662091,1.179
1072,Z1,h,1,31.500008,-46.765324,1.297
1073,Z1,i,1,33.750558,-42.868365,1.136
1074,Z1,j,1,36.000126,-38.971598,1.109
1075,Z1,k,1,38.250484,-35.073658,0.925
1076,Z1,l,1,40.500053,-31.176891,0.997
1077,Z2,a,0,13.499918,-77.94219,0.725
1078,Z2,b,0,8.999783,-77.94276,0.693
1079,Z2,c,1,4.500439,-77.942158,0.82
1080,Z2,d,1,0.000113,-77.941747,0.932
1081,Z2,e,1,-4.500022,-77.942318,0.911
1082,Z2,f,1,-9.000347,-77.941907,0.905
1083,Z2,g,1,-13.4995,-77.942287,0.971
1084,Z2,h,1,-17.999826,-77.941876,1.03
1085,Z2,i,1,-22.499961,-77.942447,1.315
1086,Z2,j,1,-27.000286,-77.942036,1.286
1087,Z2,k,1,-31.499439,-77.942415,1.426
1088,Z2,l,1,-35.999765,-77.942004,1.458
