Explanation of data format:,,,,,,,,
,,,,,,,,
CurNum - current number of the meteor in the look-up table.,,,,,,,,
SolLon - ecliptic longitude of Sun at the meteor instant (J2000).,,,,,,,,
SCELoG - Sun centered ecliptic longitude of the geocentric radiant.,,,,,,,,
ELaG -  ecliptic latitude of the geocentric radiant.,,,,,,,,
VG -  geocentric velocity.,,,,,,,,
IAUNo -   IAU numerical code of the shower.,,,,,,,,
IAUCoe -  IAU 3 letter code of the shower.            Not obligatory,,,,,,,,
CatCod -  code of the source catalogue of the meteor. Not obligatory,,,,,,,,
MetCod -  meteor code given in the source catalogue.  Not obligatory,,,,,,,,
,,,,,,,,
CurNum,SolLon,SCELoG,ELaG,VG,IAUNo,IAUCode,CatCod,MetCod
:-----------------------------------------------------------------------,,,,,,,,
1,320.250000,354.50,-8.18,26.42,115,DCS,pansy,1770634098694064
2,320.500000,351.25,-8.29,25.86,115,DCS,pansy,1770650616455020
3,319.250000,352.25,-8.67,24.75,115,DCS,pansy,1738980650059588
4,319.250000,352.75,-8.18,26.20,115,DCS,pansy,1738982135707788
5,319.500000,352.00,-7.70,26.53,115,DCS,pansy,1738999336628511
6,319.500000,354.50,-9.36,25.44,115,DCS,pansy,1739010234303589
7,319.750000,357.00,-9.38,24.59,115,DCS,pansy,1739021558421924
8,319.750000,356.75,-8.55,23.20,115,DCS,pansy,1739022436065243
9,319.750000,351.75,-7.07,26.91,115,DCS,pansy,1739031771399307
10,319.250000,353.25,-7.55,25.78,115,DCS,pansy,1770535391032378
11,319.500000,351.75,-7.20,26.00,115,DCS,pansy,1770562995913471
12,319.500000,355.25,-7.42,26.42,115,DCS,pansy,1770572791918191
13,319.500000,355.25,-7.42,26.42,115,DCS,pansy,1770572792066991
14,318.250000,354.00,-7.45,24.28,115,DCS,pansy,1738906750537585
15,318.250000,354.50,-8.72,25.27,115,DCS,pansy,1738908923945879
16,318.500000,355.00,-9.27,24.23,115,DCS,pansy,1738918073305519
17,318.750000,351.25,-7.61,26.75,115,DCS,pansy,1738932189061038
18,318.750000,353.25,-8.34,23.30,115,DCS,pansy,1738939566377240
19,318.750000,353.25,-9.25,25.66,115,DCS,pansy,1738942841513685
20,319.000000,354.50,-8.88,23.52,115,DCS,pansy,1738960432685664
21,318.000000,353.75,-8.16,26.22,115,DCS,pansy,1770439308910271
22,318.250000,354.50,-8.47,26.53,115,DCS,pansy,1770447389154733
23,318.250000,354.00,-6.50,24.45,115,DCS,pansy,1770449295084630
24,318.250000,351.75,-8.16,27.11,115,DCS,pansy,1770456673567381
25,318.250000,354.00,-8.12,26.05,115,DCS,pansy,1770465406943141
26,318.250000,352.75,-7.44,26.17,115,DCS,pansy,1770466492791309
27,318.250000,352.00,-7.64,26.83,115,DCS,pansy,1770466908644173
28,318.500000,352.50,-7.55,27.34,115,DCS,pansy,1770485596839059
29,318.500000,351.75,-7.63,27.11,115,DCS,pansy,1770488841516360
30,317.250000,354.50,-6.31,26.70,115,DCS,pansy,1738818944348119
31,317.500000,355.00,-11.24,25.41,115,DCS,pansy,1738824140310420
32,317.500000,353.75,-8.88,25.88,115,DCS,pansy,1738832573140361
33,317.500000,353.75,-8.86,25.66,115,DCS,pansy,1738836495726493
34,317.500000,351.25,-7.57,26.58,115,DCS,pansy,1738842841776955
35,317.750000,354.25,-6.37,26.84,115,DCS,pansy,1738845672406140
36,317.750000,355.00,-6.52,22.84,115,DCS,pansy,1738853037874340
37,317.750000,353.75,-9.17,23.92,115,DCS,pansy,1738858021979017
38,317.750000,354.00,-5.94,26.92,115,DCS,pansy,1738858022123017
39,317.750000,353.75,-9.17,23.92,115,DCS,pansy,1738858022267017
40,318.000000,352.50,-8.48,24.27,115,DCS,pansy,1738870417633493
41,317.000000,355.00,-7.54,26.39,115,DCS,pansy,1770355309820387
42,317.000000,354.50,-9.84,25.00,115,DCS,pansy,1770355310004387
43,317.000000,354.25,-7.95,25.08,115,DCS,pansy,1770355350524393
44,317.250000,350.75,-8.13,26.52,115,DCS,pansy,1770366468505375
45,317.250000,351.00,-8.23,25.13,115,DCS,pansy,1770372138120647
46,317.250000,355.00,-9.07,25.55,115,DCS,pansy,1770381229714051
47,317.250000,352.75,-7.78,25.78,115,DCS,pansy,1770381230026051
48,317.500000,354.25,-8.41,25.17,115,DCS,pansy,1770390163808244
49,317.750000,351.00,-7.72,25.72,115,DCS,pansy,1770408240025447
50,317.750000,354.00,-5.80,25.33,115,DCS,pansy,1770410620982616
51,317.750000,354.50,-5.56,23.81,115,DCS,pansy,1770416260247491
52,318.000000,354.25,-8.75,25.45,115,DCS,pansy,1770433437709356
53,315.250000,355.25,-9.66,23.22,115,DCS,pansy,1738633742690729
54,315.250000,354.50,-10.39,24.92,115,DCS,pansy,1738641988843848
55,315.250000,351.25,-8.72,26.11,115,DCS,pansy,1738644290314560
56,315.750000,354.50,-6.02,23.75,115,DCS,pansy,1738687593517579
57,315.750000,355.00,-8.06,24.13,115,DCS,pansy,1738687808975208
58,315.000000,355.50,-6.74,25.36,115,DCS,pansy,1770182713628923
59,315.000000,355.75,-8.24,25.03,115,DCS,pansy,1770184289683570
60,315.250000,355.00,-8.35,25.02,115,DCS,pansy,1770202505456024
61,315.250000,355.00,-9.20,25.42,115,DCS,pansy,1770208596128984
62,315.250000,353.75,-9.09,25.42,115,DCS,pansy,1770208596624984
63,315.500000,354.50,-8.44,25.44,115,DCS,pansy,1770223431811318
64,315.750000,353.00,-8.02,26.09,115,DCS,pansy,1770235128907536
65,315.750000,353.00,-8.52,25.28,115,DCS,pansy,1770235129526736
66,315.750000,355.25,-8.19,23.91,115,DCS,pansy,1770235570891605
67,316.000000,352.50,-7.31,23.64,115,DCS,pansy,1738714525666829
68,316.500000,354.75,-8.27,25.81,115,DCS,pansy,1738741563830494
69,316.500000,355.75,-9.95,24.55,115,DCS,pansy,1738746260381533
70,316.500000,354.50,-6.09,23.39,115,DCS,pansy,1738746936340025
71,316.500000,355.50,-8.57,25.42,115,DCS,pansy,1738751755683080
72,316.500000,356.50,-7.62,25.81,115,DCS,pansy,1738751996004713
73,316.500000,353.00,-7.80,26.28,115,DCS,pansy,1738752586454393
74,316.750000,355.00,-9.93,25.55,115,DCS,pansy,1738760193717825
75,316.750000,352.00,-7.53,26.47,115,DCS,pansy,1738769161103043
76,317.000000,353.50,-7.88,24.45,115,DCS,pansy,1738784766511549
77,316.000000,353.25,-9.11,24.44,115,DCS,pansy,1770267548686981
78,316.000000,353.50,-7.38,26.11,115,DCS,pansy,1770272098700493
79,316.250000,354.75,-8.35,25.94,115,DCS,pansy,1770277457936532
80,316.250000,355.50,-7.85,26.13,115,DCS,pansy,1770277458304532
81,316.250000,353.25,-9.18,25.52,115,DCS,pansy,1770279844370506
82,316.250000,353.25,-8.16,26.19,115,DCS,pansy,1770289851124074
83,316.250000,354.50,-8.34,25.34,115,DCS,pansy,1770296608768331
84,316.500000,353.75,-7.14,23.67,115,DCS,pansy,1770300932474607
85,316.750000,351.25,-8.37,26.02,115,DCS,pansy,1770322886715536
86,317.000000,354.25,-7.68,26.27,115,DCS,pansy,1770340326093802
87,314.000000,353.25,-10.83,26.14,115,DCS,pansy,1738537973408914
88,314.250000,354.75,-5.87,26.61,115,DCS,pansy,1738560548491974
89,314.250000,354.75,-8.56,25.45,115,DCS,pansy,1738560587555980
90,314.500000,352.25,-9.30,24.98,115,DCS,pansy,1738569104400337
91,314.500000,354.00,-8.59,25.72,115,DCS,pansy,1738577740665512
92,314.500000,353.50,-7.96,25.72,115,DCS,pansy,1738585792098611
93,314.750000,353.00,-8.08,25.78,115,DCS,pansy,1738601676145583
94,314.750000,354.75,-10.22,25.09,115,DCS,pansy,1738610837570826
95,315.000000,355.25,-6.16,24.55,115,DCS,pansy,1738611553210923
96,314.000000,355.00,-9.01,25.25,115,DCS,pansy,1770097474521172
97,314.250000,351.75,-9.02,23.91,115,DCS,pansy,1770109177628609
98,314.250000,354.00,-7.74,25.34,115,DCS,pansy,1770115949874475
99,314.250000,356.00,-8.21,24.75,115,DCS,pansy,1770115950090475
100,314.250000,355.00,-6.30,23.28,115,DCS,pansy,1770122916808376
101,314.250000,354.00,-8.57,25.30,115,DCS,pansy,1770122965305983
102,314.250000,351.75,-7.43,25.77,115,DCS,pansy,1770125299296753
103,314.500000,354.25,-7.58,24.98,115,DCS,pansy,1770135294210327
104,314.500000,354.50,-8.27,24.13,115,DCS,pansy,1770137098773808
105,314.500000,355.00,-7.89,25.67,115,DCS,pansy,1770140803761584
106,314.500000,353.25,-7.14,26.20,115,DCS,pansy,1770144455597353
107,315.000000,354.25,-8.89,24.64,115,DCS,pansy,1770170821135864
108,315.000000,355.25,-8.41,24.88,115,DCS,pansy,1770175760627833
109,313.000000,351.75,-8.54,25.80,115,DCS,pansy,1738457929470068
110,313.500000,351.00,-9.00,26.36,115,DCS,pansy,1738493596154895
111,313.500000,354.50,-8.58,25.45,115,DCS,pansy,1738493615025297
112,313.500000,355.00,-8.34,26.33,115,DCS,pansy,1738496420480079
113,313.500000,353.50,-8.45,25.64,115,DCS,pansy,1738497078932968
114,313.500000,351.75,-9.57,25.02,115,DCS,pansy,1738500998659900
115,313.500000,354.00,-8.09,25.50,115,DCS,pansy,1738501872863218
116,313.750000,353.00,-9.34,25.81,115,DCS,pansy,1738504667199597
117,313.750000,353.75,-6.89,26.80,115,DCS,pansy,1738507343503961
118,313.750000,352.50,-8.09,24.31,115,DCS,pansy,1738511623779742
119,313.750000,355.00,-8.48,24.95,115,DCS,pansy,1738511693194151
120,313.750000,354.00,-6.74,25.64,115,DCS,pansy,1738515599252282
121,314.000000,355.75,-8.37,23.88,115,DCS,pansy,1738530601913517
122,313.000000,354.25,-9.04,25.72,115,DCS,pansy,1770014666931171
123,313.250000,355.00,-8.34,25.44,115,DCS,pansy,1770032409218841
124,313.250000,355.25,-8.84,25.09,115,DCS,pansy,1770034478729581
125,313.500000,355.25,-8.59,24.97,115,DCS,pansy,1770045783885857
126,313.500000,353.75,-9.16,25.31,115,DCS,pansy,1770051170032317
127,313.500000,356.50,-7.98,24.69,115,DCS,pansy,1770060363443372
128,313.750000,354.50,-8.26,26.41,115,DCS,pansy,1770069308815968
129,313.750000,353.00,-7.30,25.25,115,DCS,pansy,1770070605185771
130,313.750000,354.25,-7.82,24.44,115,DCS,pansy,1770072563075677
131,313.750000,353.50,-8.34,25.55,115,DCS,pansy,1770079886326417
132,314.000000,353.50,-6.77,25.30,115,DCS,pansy,1770092465317186
133,312.000000,351.50,-8.10,24.67,115,DCS,pansy,1738369924310963
134,312.250000,355.00,-8.27,25.13,115,DCS,pansy,1738385581340279
135,312.250000,353.75,-8.70,26.06,115,DCS,pansy,1738394674565510
136,312.250000,355.75,-8.35,25.16,115,DCS,pansy,1738396046076096
137,312.250000,350.75,-8.84,25.25,115,DCS,pansy,1738397747997926
138,312.500000,353.50,-6.15,26.72,115,DCS,pansy,1738404675818066
139,312.500000,354.75,-9.60,25.30,115,DCS,pansy,1738407063696790
140,312.500000,351.50,-9.27,24.13,115,DCS,pansy,1738407302000823
141,312.500000,356.00,-8.66,25.03,115,DCS,pansy,1738408578316196
142,312.500000,355.25,-9.85,26.19,115,DCS,pansy,1738411400802979
143,312.500000,353.25,-6.03,26.38,115,DCS,pansy,1738412102801475
144,312.500000,354.50,-8.15,24.20,115,DCS,pansy,1738413586728076
145,312.500000,354.50,-9.28,25.28,115,DCS,pansy,1738417949179868
146,312.750000,355.75,-9.73,23.55,115,DCS,pansy,1738420395549800
147,312.750000,354.25,-7.57,26.06,115,DCS,pansy,1738424453534351
148,312.750000,356.00,-8.03,25.52,115,DCS,pansy,1738426871870679
149,312.750000,354.50,-8.05,25.53,115,DCS,pansy,1738427981042029
150,312.750000,356.75,-8.48,25.55,115,DCS,pansy,1738428859654948
151,312.750000,356.75,-8.40,24.56,115,DCS,pansy,1738428860006948
152,312.750000,352.50,-6.90,26.09,115,DCS,pansy,1738431458477699
153,312.750000,355.50,-6.95,23.63,115,DCS,pansy,1738436920502438
154,313.000000,352.00,-7.22,24.77,115,DCS,pansy,1738441431099846
155,313.000000,356.50,-8.94,22.59,115,DCS,pansy,1738442940327250
156,313.000000,356.50,-9.77,24.53,115,DCS,pansy,1738450112417816
157,313.000000,355.00,-8.24,24.52,115,DCS,pansy,1738450785509107
158,312.250000,355.50,-9.13,24.80,115,DCS,pansy,1769942280334146
159,312.250000,356.50,-8.67,25.11,115,DCS,pansy,1769942280364546
160,312.250000,354.25,-7.54,25.53,115,DCS,pansy,1769948550517533
161,312.250000,354.75,-7.73,26.63,115,DCS,pansy,1769949403140067
162,312.250000,354.50,-8.66,25.59,115,DCS,pansy,1769949614786500
163,312.500000,354.25,-8.80,25.38,115,DCS,pansy,1769956794331628
164,312.500000,354.00,-8.38,25.81,115,DCS,pansy,1769965375369776
165,312.500000,355.00,-9.05,24.47,115,DCS,pansy,1769972063870032
166,312.500000,353.25,-7.08,26.53,115,DCS,pansy,1769972767126143
167,312.500000,354.25,-7.80,26.31,115,DCS,pansy,1769972767678143
168,312.500000,357.25,-8.06,23.53,115,DCS,pansy,1769973383553440
169,312.750000,354.75,-10.19,26.75,115,DCS,pansy,1769990225538500
170,313.000000,354.00,-7.85,25.03,115,DCS,pansy,1770000581088934
171,313.000000,355.00,-7.36,24.92,115,DCS,pansy,1770002818209289
172,311.000000,353.00,-6.60,27.11,115,DCS,pansy,1738286691376495
173,311.250000,351.25,-8.52,25.19,115,DCS,pansy,1738294666172771
174,311.250000,352.50,-8.65,25.27,115,DCS,pansy,1738301409320883
175,311.250000,352.75,-9.40,26.22,115,DCS,pansy,1738304492654100
176,311.250000,356.00,-9.18,24.86,115,DCS,pansy,1738308172260998
177,311.250000,352.75,-7.29,24.34,115,DCS,pansy,1738311209269410
178,311.250000,354.50,-8.84,25.91,115,DCS,pansy,1738312075125527
179,311.500000,353.00,-7.96,26.22,115,DCS,pansy,1738317699868690
180,311.500000,353.25,-8.03,26.19,115,DCS,pansy,1738317700031890
181,311.750000,351.00,-8.74,26.39,115,DCS,pansy,1738335151682259
182,311.750000,355.75,-8.66,23.27,115,DCS,pansy,1738336891034495
183,311.750000,353.00,-8.39,26.03,115,DCS,pansy,1738341449495913
184,311.750000,353.50,-7.89,26.69,115,DCS,pansy,1738341450023913
185,311.750000,355.00,-8.38,26.09,115,DCS,pansy,1738342321684832
186,311.750000,354.50,-7.29,24.11,115,DCS,pansy,1738342720067286
187,311.750000,356.00,-9.38,23.67,115,DCS,pansy,1738346903459852
188,311.750000,355.50,-8.68,23.55,115,DCS,pansy,1738355346291394
189,312.000000,354.75,-8.61,23.48,115,DCS,pansy,1738359515184757
190,311.000000,355.00,-8.91,25.38,115,DCS,pansy,1769848300172216
191,311.000000,354.75,-9.00,25.56,115,DCS,pansy,1769849396626787
192,311.250000,353.25,-9.18,24.33,115,DCS,pansy,1769856780963937
193,311.250000,355.50,-9.35,24.64,115,DCS,pansy,1769857013322373
194,311.250000,354.50,-8.44,25.25,115,DCS,pansy,1769860611618932
195,311.250000,351.50,-8.16,25.03,115,DCS,pansy,1769864485848334
196,311.250000,355.75,-10.00,25.31,115,DCS,pansy,1769868742343394
197,311.250000,355.25,-9.03,25.58,115,DCS,pansy,1769870055457197
198,311.500000,355.25,-8.37,25.92,115,DCS,pansy,1769872067073508
199,311.500000,354.00,-9.59,24.98,115,DCS,pansy,1769873160918478
200,311.500000,355.50,-8.13,25.55,115,DCS,pansy,1769874117608227
201,311.750000,352.50,-8.11,26.61,115,DCS,pansy,1769909095314535
202,312.000000,354.50,-4.96,23.64,115,DCS,pansy,1769917412179839
203,309.000000,355.25,-7.18,26.19,115,DCS,pansy,1769672462044940
204,309.500000,356.50,-8.28,24.19,115,DCS,pansy,1769708367303618
205,309.750000,356.00,-7.85,25.19,115,DCS,pansy,1769738429350009
206,309.750000,355.50,-9.42,26.11,115,DCS,pansy,1769739708404611
207,308.000000,357.25,-9.52,23.56,115,DCS,pansy,1769586651199101
208,308.250000,357.75,-9.02,22.25,115,DCS,pansy,1769613357286664
209,308.500000,354.25,-5.79,24.14,115,DCS,pansy,1769619605697283
210,308.500000,354.25,-9.52,25.19,115,DCS,pansy,1769619656818891
211,308.750000,356.00,-6.40,25.73,115,DCS,pansy,1769653909688379
212,310.750000,353.25,-7.42,26.61,115,DCS,pansy,1738251005302865
213,311.000000,354.75,-8.29,24.13,115,DCS,pansy,1738278592801002
214,310.000000,352.50,-8.86,24.06,115,DCS,pansy,1769758112314735
215,310.250000,355.00,-11.20,23.03,115,DCS,pansy,1769766620226502
216,310.250000,355.00,-6.07,23.17,115,DCS,pansy,1769769967740641
217,310.250000,354.25,-7.58,26.17,115,DCS,pansy,1769783220768372
218,310.250000,350.75,-8.19,28.27,115,DCS,pansy,1769785437823128
219,310.500000,353.50,-8.40,25.25,115,DCS,pansy,1769788439375609
220,310.500000,352.25,-8.71,24.88,115,DCS,pansy,1769788440009209
221,310.500000,355.00,-6.03,25.34,115,DCS,pansy,1769792920976324
222,310.500000,351.25,-8.23,26.52,115,DCS,pansy,1769795117559072
223,310.500000,356.25,-6.45,22.83,115,DCS,pansy,1769802292521799
224,310.750000,352.00,-7.59,26.78,115,DCS,pansy,1769822555715393
225,310.750000,353.50,-9.22,24.48,115,DCS,pansy,1769827262636131
226,311.000000,356.50,-10.12,23.80,115,DCS,pansy,1769831278878359
227,311.000000,352.50,-7.70,27.48,115,DCS,pansy,1769833487691504
228,311.000000,352.50,-8.32,26.58,115,DCS,pansy,1769838429645875
229,307.250000,354.50,-8.22,25.75,115,DCS,pansy,1769523996571545
230,307.250000,352.75,-10.12,26.20,115,DCS,pansy,1769526861792802
231,307.250000,354.25,-7.20,25.44,115,DCS,pansy,1769527963068177
232,307.750000,353.25,-6.87,24.06,115,DCS,pansy,1769555830454994
233,308.000000,352.00,-8.82,26.88,115,DCS,pansy,1769578629149815
234,308.000000,353.00,-9.08,25.94,115,DCS,pansy,1769584042147483
235,306.000000,354.75,-10.37,24.45,115,DCS,pansy,1769424001576189
236,306.250000,356.00,-9.76,23.34,115,DCS,pansy,1769426590883816
237,306.250000,354.50,-7.06,25.59,115,DCS,pansy,1769429601665112
238,306.250000,353.25,-6.27,24.89,115,DCS,pansy,1769430289378826
239,306.250000,351.75,-9.59,26.92,115,DCS,pansy,1769442700608071
240,306.250000,356.75,-8.84,24.50,115,DCS,pansy,1769443152361745
241,306.750000,353.75,-7.16,25.97,115,DCS,pansy,1769470985707021
242,306.750000,354.25,-4.96,25.19,115,DCS,pansy,1769474198054737
243,307.000000,352.75,-10.11,24.22,115,DCS,pansy,1769489038255521
244,307.000000,354.00,-7.97,25.64,115,DCS,pansy,1769490774699000
245,307.000000,356.25,-9.68,25.20,115,DCS,pansy,1769492694686508
246,305.500000,356.25,-9.03,24.19,115,DCS,pansy,1769371118657291
247,305.500000,354.00,-9.11,25.69,115,DCS,pansy,1769373544760080
248,305.750000,356.75,-8.13,24.34,115,DCS,pansy,1769396179144494
249,305.750000,352.00,-7.55,23.78,115,DCS,pansy,1769399418556213
